Province_State,Country,Last_Update,Lat,Long_,Confirmed,Deaths,Recovered,Active,FIPS,Incident_Rate,People_Tested,People_Hospitalized,Mortality_Rate,UID,ISO3,Testing_Rate,Hospitalization_Rate
Alabama,US,20-07-2020 19:35,32.3182,-86.9023,68891,1291,29736,37864,1,1405.025509,585533,7782,1.87397483,84000001,USA,11941.89083,11.29610544
Alaska,US,20-07-2020 19:35,61.3707,-152.4044,1950,18,712,1220,2,266.5591317,173010,,0.923076923,84000002,USA,23649.94635,
American Samoa,US,20-07-2020 19:35,-14.271,-170.132,0,0,,0,60,0,1037,,,16,ASM,1863.733578,
Arizona,US,20-07-2020 19:35,33.7298,-111.4312,145183,2784,18149,124250,4,1994.623503,785979,6632,1.917579882,84000004,USA,10798.31789,4.568027937
Arkansas,US,20-07-2020 19:35,34.9697,-92.3731,33228,357,25292,7579,5,1101.065543,419171,2177,1.074395088,84000005,USA,13889.93454,6.551703383
California,US,20-07-2020 19:35,36.1162,-119.6816,387322,7718,,379604,6,980.2586911,6286852,,1.992657272,84000006,USA,15911.15742,
Colorado,US,20-07-2020 19:35,39.0598,-105.3111,40124,1752,4948,33424,8,696.7501202,435938,6019,4.366463962,84000008,USA,7570.029256,15.00099691
Connecticut,US,20-07-2020 19:35,41.5978,-72.7554,47893,4396,8466,35031,9,1343.314017,629969,10654,9.178794396,84000009,USA,17669.51721,22.24542209
Delaware,US,20-07-2020 19:35,39.3185,-75.5071,13519,523,7362,5634,10,1388.32407,152995,,3.868629336,84000010,USA,15711.71249,
Diamond Princess,US,20-07-2020 19:35,,,49,0,,49,88888,,,,0,84088888,USA,,
District of Columbia,US,20-07-2020 19:35,38.8974,-77.0268,11339,579,1886,8874,11,1606.661859,147765,,5.106270394,84000011,USA,20937.33041,
Florida,US,20-07-2020 19:35,27.7663,-81.6868,360394,5072,,355322,12,1677.988701,3002641,21309,1.407348624,84000012,USA,13980.24848,5.91269555
Georgia,US,20-07-2020 19:35,33.0406,-83.6431,143129,3174,,139955,13,1348.05781,1255319,15010,2.217579945,84000013,USA,11823.19853,10.48704316
Grand Princess,US,20-07-2020 19:35,,,103,3,,100,99999,,,,2.912621359,84099999,USA,,
Guam,US,20-07-2020 19:35,13.4443,144.7937,319,5,222,92,66,194.2409684,18253,,1.567398119,316,GUM,11114.35861,
Hawaii,US,20-07-2020 19:35,21.0943,-157.4983,1381,24,1019,338,15,97.5370655,104635,140,1.737871108,84000015,USA,7390.145437,10.13758146
Idaho,US,20-07-2020 19:35,44.2405,-114.4788,14874,119,3989,10766,16,832.3144374,146186,583,0.800053785,84000016,USA,8180.228475,3.919591233
Illinois,US,20-07-2020 19:35,40.3495,-88.9861,163922,7494,,156428,17,1293.594662,2245686,,4.571686534,84000017,USA,17721.88859,
Indiana,US,20-07-2020 19:35,39.8494,-86.2583,57206,2825,40965,13416,18,849.7346863,626880,7895,4.938293186,84000018,USA,9311.64004,13.8009999
Iowa,US,20-07-2020 19:35,42.0115,-93.2105,39107,797,27894,10416,19,1239.497063,415491,,2.037998312,84000019,USA,13168.99467,
Kansas,US,20-07-2020 19:35,38.5266,-96.7265,22317,309,983,21025,20,766.0348318,249353,1453,1.384594704,84000020,USA,8559.084259,6.510731729
Kentucky,US,20-07-2020 19:35,37.6681,-84.6701,23161,670,6824,15667,21,518.4130531,490201,2875,2.892793921,84000021,USA,10972.17724,12.41310824
Louisiana,US,20-07-2020 19:35,31.1695,-91.8678,94892,3572,53288,38032,22,2041.217572,1069304,,3.764279391,84000022,USA,23001.75056,
Maine,US,20-07-2020 19:35,44.6939,-69.3819,3711,117,3148,446,23,276.0725243,137437,375,3.152789006,84000023,USA,10224.35449,10.10509297
Maryland,US,20-07-2020 19:35,39.0639,-76.8021,78685,3382,5344,69959,24,1301.507854,739785,11841,4.298150855,84000024,USA,12236.58877,15.04861155
Massachusetts,US,20-07-2020 19:35,42.2302,-71.5301,113534,8431,95390,9713,25,1647.210019,1040535,11717,7.425969313,84000025,USA,15096.6202,10.32025649
Michigan,US,20-07-2020 19:35,43.3266,-84.5361,82395,6373,55162,20860,26,825.0343426,1484459,,7.734692639,84000026,USA,14864.12592,
Minnesota,US,20-07-2020 19:35,45.6945,-93.9002,47107,1585,40001,5521,27,835.2849973,853188,4627,3.364680408,84000027,USA,15128.43391,9.822319401
Mississippi,US,20-07-2020 19:35,32.7416,-89.6787,43889,1358,25932,16599,28,1474.690951,378077,3727,3.094169382,84000028,USA,12703.56424,8.491877236
Missouri,US,20-07-2020 19:35,38.4561,-92.2884,34055,1139,,32916,29,554.8741264,559079,,3.344589634,84000029,USA,9109.337006,
Montana,US,20-07-2020 19:35,46.9219,-110.4544,2620,39,1075,1506,30,245.1397765,133159,165,1.488549618,84000030,USA,12458.99523,6.297709924
Nebraska,US,20-07-2020 19:35,41.1254,-98.2681,22583,301,16801,5481,31,1167.437273,232401,1481,1.332861002,84000031,USA,12014.06322,6.558030377
Nevada,US,20-07-2020 19:35,38.3135,-117.0554,36713,648,842,35223,32,1191.920149,389788,,1.765042356,84000032,USA,12654.81359,
New Hampshire,US,20-07-2020 19:35,43.4525,-71.5639,6203,398,5251,554,33,456.1998837,143378,673,6.416250202,84000033,USA,10544.74076,10.84958891
New Jersey,US,20-07-2020 19:35,40.2989,-74.521,176963,15715,31405,129843,34,1992.335224,1791137,21064,8.880387426,84000034,USA,20165.48847,11.90305318
New Mexico,US,20-07-2020 19:35,34.8405,-106.2485,16971,571,6736,9664,35,809.3649983,460664,2364,3.364563078,84000035,USA,21969.55498,13.92964469
New York,US,20-07-2020 19:35,42.1657,-74.9481,407326,32506,72161,302659,36,2093.83773,5115470,89995,7.980340072,84000036,USA,26295.8026,22.09409662
North Carolina,US,20-07-2020 19:35,35.6301,-79.8064,101231,1677,67124,32430,37,965.2001262,1394864,,1.656607166,84000037,USA,13299.51209,
North Dakota,US,20-07-2020 19:35,47.5289,-99.784,5126,93,4131,902,38,672.6486821,133854,302,1.81428014,84000038,USA,17564.71258,5.891533359
Northern Mariana Islands,US,20-07-2020 19:35,15.0979,145.6739,37,2,29,6,69,67.09705498,10701,4,5.405405405,580,MNP,19405.55636,10.81081081
Ohio,US,20-07-2020 19:35,40.3888,-82.7649,76162,3188,51086,21888,39,651.5642778,1162914,9555,4.185814448,84000039,USA,9948.704348,12.54562643
Oklahoma,US,20-07-2020 19:35,35.5653,-96.9289,25436,452,19466,5518,40,642.8149208,475940,2388,1.777008964,84000040,USA,12027.88699,9.388268596
Oregon,US,20-07-2020 19:35,44.572,-122.0709,14579,260,3225,11094,41,345.6592955,335590,1327,1.783387064,84000041,USA,7956.636462,9.102133205
Pennsylvania,US,20-07-2020 19:35,40.5908,-77.2098,101738,7018,76780,17940,42,794.7046354,1027379,,6.898110834,84000042,USA,8025.151404,
Puerto Rico,US,20-07-2020 19:35,18.2208,-66.5901,12461,180,,12281,72,424.7960052,204749,,1.444506861,630,PRI,6979.901875,
Rhode Island,US,20-07-2020 19:35,41.6809,-71.5118,17904,995,1717,15192,44,1690.075432,179201,2088,5.557417337,84000044,USA,16915.95216,11.66219839
South Carolina,US,20-07-2020 19:35,33.8569,-80.945,71445,1164,22553,47728,45,1387.628056,577386,4182,1.629225278,84000045,USA,11214.17892,5.853453706
South Dakota,US,20-07-2020 19:35,44.2998,-99.4388,7943,118,6952,873,46,897.8600794,98087,774,1.485584792,84000046,USA,11087.54899,9.744429057
Tennessee,US,20-07-2020 19:35,35.7478,-86.6923,79754,847,44319,34588,47,1167.842553,1197297,3681,1.062015698,84000047,USA,17532.091,4.615442486
Texas,US,20-07-2020 19:35,31.0545,-97.5635,336301,4014,172936,159351,48,1159.823356,2932364,,1.193573614,84000048,USA,10113.0364,
Utah,US,20-07-2020 19:35,40.15,-111.8624,34526,247,20915,13364,49,1076.932387,462822,2033,0.715402885,84000049,USA,14436.3089,5.888316052
Vermont,US,20-07-2020 19:35,44.0459,-72.7107,1360,56,1137,167,50,217.9525601,82500,,4.117647059,84000050,USA,13221.38692,
Virgin Islands,US,20-07-2020 19:35,18.3358,-64.8963,297,6,135,156,78,276.8766081,6884,,2.02020202,850,VIR,6417.570944,
Virginia,US,20-07-2020 19:35,37.7693,-78.17,78375,2031,10017,66327,51,918.2218445,907363,11203,2.59138756,84000051,USA,10630.43735,14.29409888
Washington,US,20-07-2020 19:35,47.4009,-121.4905,46946,1447,,45499,53,616.5024249,791786,5033,3.08226473,84000053,USA,10397.86114,10.72082819
West Virginia,US,20-07-2020 19:35,38.4912,-80.9545,5084,100,3373,1611,54,283.6820863,230988,,1.966955153,84000054,USA,12888.89806,
Wisconsin,US,20-07-2020 19:35,44.2685,-89.6165,43018,846,32628,9544,55,738.8319043,776850,4107,1.966618625,84000055,USA,13342.3582,9.547166302
Wyoming,US,20-07-2020 19:35,42.756,-107.3025,2126,25,1615,486,56,367.3377001,44053,143,1.175917215,84000056,USA,7611.631093,6.726246472
Abruzzo,Italy,20-07-2020 19:35,42.35122196,13.39843823,3342,468,2753,121,,254.8071791,,,14.00359066,38013,ITA,,
Acre,Brazil,20-07-2020 19:35,-9.0238,-70.812,17295,460,9858,6977,,1961.028874,,,2.659728245,7601,BRA,,
Adygea Republic,Russia,20-07-2020 19:35,44.6939006,40.1520421,2384,16,1910,458,,525.8328628,,,0.67114094,64301,RUS,,
Aguascalientes,Mexico,20-07-2020 19:35,21.8853,-102.2916,3486,209,2721,556,,242.9886347,,,5.995410212,48401,MEX,,
Aichi,Japan,20-07-2020 19:35,35.035551,137.211621,659,34,489,136,,8.725889104,,,5.159332322,39201,JPN,,
Akita,Japan,20-07-2020 19:35,39.748679,140.408228,16,0,16,0,,1.655474966,,,0,39202,JPN,,
Alagoas,Brazil,20-07-2020 19:35,-9.5713,-36.782,50078,1397,43342,5339,,1500.528712,,,2.789648149,7602,BRA,,
Alberta,Canada,20-07-2020 19:35,53.9333,-116.5765,9219,167,8193,859,,208.8985952,,,1.811476299,12401,CAN,,
Altai Krai,Russia,20-07-2020 19:35,52.6932243,82.6931424,7573,57,4815,2701,,322.2443491,,,0.752673973,64302,RUS,,
Altai Republic,Russia,20-07-2020 19:35,50.7114101,86.8572186,1276,1,774,501,,585.1519974,,,0.078369906,64303,RUS,,
Amapa,Brazil,20-07-2020 19:35,0.902,-52.003,33705,507,22402,10796,,3985.30975,,,1.504227859,7603,BRA,,
Amazonas,Brazil,20-07-2020 19:35,-3.4168,-65.8561,90913,3149,76009,11755,,2193.530517,,,3.463751059,7604,BRA,,
Amazonas,Colombia,20-07-2020 19:35,-1.4429,-71.5724,2454,101,2275,78,,3204.115474,,,4.115729421,17001,COL,,
Amazonas,Peru,20-07-2020 19:35,-5.077253,-78.050172,3994,98,,3896,,935.8013121,,,2.453680521,60401,PER,,
Amur Oblast,Russia,20-07-2020 19:35,52.8032368,128.437295,2423,33,1486,904,,303.4728415,,,1.361947998,64304,RUS,,
Ancash,Peru,20-07-2020 19:35,-9.407125,-77.671795,10309,600,,9709,,873.2000678,,,5.820157144,60402,PER,,
Andalusia,Spain,20-07-2020 19:35,37.5443,-4.7278,13964,1435,10671,1858,,165.6975071,,,10.27642509,72401,ESP,,
Andaman and Nicobar Islands,India,20-07-2020 19:35,11.225999,92.968178,203,0,145,58,,48.67685284,,,0,35601,IND,,
Andhra Pradesh,India,20-07-2020 19:35,15.9129,79.74,49650,642,22890,26118,,92.10922956,,,1.29305136,35602,IND,,
Anguilla,United Kingdom,20-07-2020 19:35,18.2206,-63.0686,3,0,3,0,,19.99733369,,,0,660,AIA,,
Anhui,China,20-07-2020 19:35,31.8257,117.2264,991,6,985,0,,1.567046173,,,0.605449041,15601,CHN,,
Antioquia,Colombia,20-07-2020 19:35,7.1986,-75.3412,15647,193,4348,11106,,244.2133745,,,1.233463284,17002,COL,,
Antofagasta,Chile,20-07-2020 19:35,-23.6509,-70.3975,13109,280,11281,1548,,2157.73932,,,2.135937142,15201,CHL,,
Aomori,Japan,20-07-2020 19:35,40.781541,140.828896,34,1,26,7,,2.727919696,,,2.941176471,39203,JPN,,
Apurimac,Peru,20-07-2020 19:35,-14.027713,-72.975378,715,27,,688,,166.0088228,,,3.776223776,60403,PER,,
Aragon,Spain,20-07-2020 19:35,41.5976,-0.9057,8530,915,3772,3843,,645.9253695,,,10.72684642,72402,ESP,,
Arauca,Colombia,20-07-2020 19:35,7.0762,-70.7105,165,0,83,82,,62.93530251,,,0,17003,COL,,
Araucania,Chile,20-07-2020 19:35,-38.9489,-72.3311,3724,71,3474,179,,389.0416454,,,1.906552095,15202,CHL,,
Arequipa,Peru,20-07-2020 19:35,-15.843524,-72.475539,10318,555,,9763,,689.0610391,,,5.378949409,60404,PER,,
Arica y Parinacota,Chile,20-07-2020 19:35,-18.594,-69.4785,3056,36,2260,760,,1351.805651,,,1.178010471,15203,CHL,,
Arkhangelsk Oblast,Russia,20-07-2020 19:35,63.5589686,43.1221646,7908,129,5522,2257,,684.6587269,,,1.631259484,64305,RUS,,
Aruba,Netherlands,20-07-2020 19:35,12.5211,-69.9683,115,3,100,12,,107.712193,,,2.608695652,533,ABW,,
Arunachal Pradesh,India,20-07-2020 19:35,27.768456,96.384277,740,3,282,455,,47.12001212,,,0.405405405,35603,IND,,
Assam,India,20-07-2020 19:35,26.357149,92.830441,23999,57,16023,7919,,67.39959478,,,0.237509896,35604,IND,,
Astrakhan Oblast,Russia,20-07-2020 19:35,47.1878186,47.608851,4213,39,3023,1151,,414.0483571,,,0.925706148,64306,RUS,,
Asturias,Spain,20-07-2020 19:35,43.3614,-5.8593,2445,334,1063,1048,,239.1888124,,,13.6605317,72403,ESP,,
Atacama,Chile,20-07-2020 19:35,-27.5661,-70.0503,1857,9,1437,411,,642.6850878,,,0.484652666,15204,CHL,,
Atlantico,Colombia,20-07-2020 19:35,10.6966,-74.8741,43813,2176,24428,17209,,1727.971061,,,4.966562436,17004,COL,,
Australian Capital Territory,Australia,20-07-2020 19:35,-35.4735,149.0124,113,3,107,3,,26.39570194,,,2.654867257,3601,AUS,,
Ayacucho,Peru,20-07-2020 19:35,-14.091648,-74.08344,2791,43,,2748,,417.6893146,,,1.540666428,60405,PER,,
Aysen,Chile,20-07-2020 19:35,-45.9864,-73.7669,69,1,49,19,,66.88768685,,,1.449275362,15205,CHL,,
Azad Jammu and Kashmir,Pakistan,20-07-2020 19:35,34.027401,73.947253,1915,47,1201,667,,47.33811477,,,2.454308094,58601,PAK,,
Baden-Wurttemberg,Germany,20-07-2020 19:35,48.6616,9.3501,36502,1838,34150,514,,329.7519417,,,5.035340529,27601,DEU,,
Bahia,Brazil,20-07-2020 19:35,-12.5797,-41.7007,122169,2840,104544,14785,,821.4111094,,,2.324648642,7605,BRA,,
Baja California,Mexico,20-07-2020 19:35,30.8406,-115.2838,12053,2361,8804,888,,331.5938846,,,19.58848419,48402,MEX,,
Baja California Sur,Mexico,20-07-2020 19:35,26.0444,-111.6661,3217,117,2205,895,,399.7723398,,,3.636928816,48403,MEX,,
Baleares,Spain,20-07-2020 19:35,39.710358,2.995148,2316,224,1533,559,,194.9133999,,,9.671848014,72404,ESP,,
Balochistan,Pakistan,20-07-2020 19:35,28.328492,65.898403,11436,132,8688,2616,,92.64113759,,,1.154249738,58602,PAK,,
Bashkortostan Republic,Russia,20-07-2020 19:35,54.8573563,57.1439682,6348,21,4637,1690,,156.2279658,,,0.330812854,64307,RUS,,
Basilicata,Italy,20-07-2020 19:35,40.63947052,15.80514834,408,28,373,7,,72.48578266,,,6.862745098,38017,ITA,,
Bayern,Germany,20-07-2020 19:35,48.7904,11.4979,49785,2616,46300,869,,380.7147067,,,5.254594757,27602,DEU,,
Beijing,China,20-07-2020 19:35,40.1824,116.4142,929,9,752,168,,4.312906221,,,0.968783638,15602,CHN,,
Belgorod Oblast,Russia,20-07-2020 19:35,50.7080119,37.5837615,5486,43,5021,422,,353.963801,,,0.783813343,64308,RUS,,
Berlin,Germany,20-07-2020 19:35,52.52,13.405,8801,221,8283,297,,241.4655734,,,2.511078287,27603,DEU,,
Bermuda,United Kingdom,20-07-2020 19:35,32.3078,-64.7505,153,9,137,7,,245.6923546,,,5.882352941,60,BMU,,
Bihar,India,20-07-2020 19:35,25.679658,85.60484,26569,217,16308,10044,,21.28927544,,,0.816741315,35605,IND,,
Biobio,Chile,20-07-2020 19:35,-37.4464,-72.1416,9441,96,7998,1347,,606.4343319,,,1.016841436,15206,CHL,,
Blekinge,Sweden,20-07-2020 19:35,56.2784,15.018,479,14,,465,,300.1140308,,,2.922755741,75201,SWE,,
Bolivar,Colombia,20-07-2020 19:35,8.6704,-74.03,14972,502,9507,4963,,723.2465908,,,3.352925461,17005,COL,,
"Bonaire, Sint Eustatius and Saba",Netherlands,20-07-2020 19:35,12.1784,-68.2385,10,0,7,3,,38.13737081,,,0,535,BES,,
Boyaca,Colombia,20-07-2020 19:35,5.4545,-73.362,640,20,334,286,,52.57208948,,,3.125,17006,COL,,
Brandenburg,Germany,20-07-2020 19:35,52.4125,12.5316,3510,173,3300,37,,139.7339164,,,4.928774929,27604,DEU,,
Bremen,Germany,20-07-2020 19:35,53.0793,8.8017,1720,55,1626,39,,251.8353231,,,3.197674419,27605,DEU,,
British Columbia,Canada,20-07-2020 19:35,53.7267,-127.6476,3198,189,2802,207,,62.57194159,,,5.909943715,12402,CAN,,
British Virgin Islands,United Kingdom,20-07-2020 19:35,18.4207,-64.64,8,1,7,0,,26.45765122,,,12.5,92,VGB,,
Bryansk Oblast,Russia,20-07-2020 19:35,52.8873315,33.415853,7068,35,5450,1583,,583.6585515,,,0.495189587,64309,RUS,,
Buryatia Republic,Russia,20-07-2020 19:35,52.7182426,109.492143,3692,32,2820,840,,375.0085068,,,0.866738895,64310,RUS,,
C. Valenciana,Spain,20-07-2020 19:35,39.484,-0.7533,12103,1433,9970,700,,243.2778978,,,11.84003966,72411,ESP,,
Cajamarca,Peru,20-07-2020 19:35,-6.430284,-78.745596,4205,144,,4061,,289.2618835,,,3.424494649,60406,PER,,
Calabria,Italy,20-07-2020 19:35,38.90597598,16.59440194,1239,97,1071,71,,63.63208228,,,7.82889427,38018,ITA,,
Caldas,Colombia,20-07-2020 19:35,5.2983,-75.2479,392,7,245,140,,39.26852357,,,1.785714286,17007,COL,,
Callao,Peru,20-07-2020 19:35,-11.954609,-77.136042,19794,770,,19024,,1751.836446,,,3.890067697,60407,PER,,
Campania,Italy,20-07-2020 19:35,40.83956555,14.25084984,4833,433,4104,296,,83.30328463,,,8.959238568,38015,ITA,,
Campeche,Mexico,20-07-2020 19:35,19.8301,-90.5349,3626,370,2810,446,,362.3764138,,,10.20408163,48404,MEX,,
Canarias,Spain,20-07-2020 19:35,28.2916,-16.6291,2551,162,1537,852,,115.5919545,,,6.350450804,72405,ESP,,
Cantabria,Spain,20-07-2020 19:35,43.1828,-3.9878,2403,217,2287,-101,,413.1414395,,,9.030378693,72406,ESP,,
Capital District,Colombia,20-07-2020 19:35,4.711,-74.0721,63265,1555,24447,37263,,853.4831258,,,2.457915119,17008,COL,,
Caqueta,Colombia,20-07-2020 19:35,0.8699,-73.8419,324,5,38,281,,80.69959575,,,1.543209877,17009,COL,,
Casanare,Colombia,20-07-2020 19:35,5.7589,-71.5724,155,2,73,80,,36.86052927,,,1.290322581,17010,COL,,
Castilla - La Mancha,Spain,20-07-2020 19:35,39.2796,-3.0977,18480,3033,6392,9055,,908.1629995,,,16.41233766,72407,ESP,,
Castilla y Leon,Spain,20-07-2020 19:35,41.8357,-4.3976,19906,2794,8716,8396,,826.7528002,,,14.03596905,72408,ESP,,
Catalonia,Spain,20-07-2020 19:35,41.5912,1.5209,69393,5678,26203,37512,,917.1166697,,,8.182381508,72409,ESP,,
Cauca,Colombia,20-07-2020 19:35,2.705,-76.826,1107,35,352,720,,75.58955758,,,3.161698284,17011,COL,,
Cayman Islands,United Kingdom,20-07-2020 19:35,19.3133,-81.2546,203,1,200,2,,308.8861838,,,0.492610837,136,CYM,,
Ceara,Brazil,20-07-2020 19:35,-5.4984,-39.3206,146972,7178,121197,18597,,1609.403687,,,4.883923468,7606,BRA,,
Cesar,Colombia,20-07-2020 19:35,9.3373,-73.6536,1997,38,1114,845,,166.3371021,,,1.902854281,17012,COL,,
Ceuta,Spain,20-07-2020 19:35,35.8894,-5.3213,164,4,163,-3,,193.3301112,,,2.43902439,72410,ESP,,
Chandigarh,India,20-07-2020 19:35,30.733839,76.768278,717,12,488,217,,61.89181794,,,1.673640167,35606,IND,,
Channel Islands,United Kingdom,20-07-2020 19:35,49.3723,-2.3644,583,47,529,7,,341.9374894,,,8.061749571,8261,GBR,,
Chechen Republic,Russia,20-07-2020 19:35,43.3976147,45.6985005,1927,30,1307,590,,134.1005901,,,1.556824079,64311,RUS,,
Chelyabinsk Oblast,Russia,20-07-2020 19:35,54.4223954,61.1865846,9816,88,5440,4288,,281.016285,,,0.896495518,64312,RUS,,
Cherkasy Oblast,Ukraine,20-07-2020 19:35,49.4444,32.0598,845,34,617,194,,70.04594848,,,4.023668639,80401,UKR,,
Chernihiv Oblast,Ukraine,20-07-2020 19:35,51.4982,31.2893,642,14,309,319,,63.83327782,,,2.180685358,80402,UKR,,
Chernivtsi Oblast,Ukraine,20-07-2020 19:35,48.2917,25.9352,5332,205,3505,1622,,589.5790901,,,3.844711178,80403,UKR,,
Chhattisgarh,India,20-07-2020 19:35,21.264705,82.035366,5407,24,3775,1608,,18.36852007,,,0.443869059,35607,IND,,
Chiapas,Mexico,20-07-2020 19:35,16.7569,-93.1292,5466,824,4445,197,,95.38656076,,,15.07500915,48405,MEX,,
Chiba,Japan,20-07-2020 19:35,35.510141,140.198917,1319,46,1004,269,,21.07236785,,,3.487490523,39204,JPN,,
Chihuahua,Mexico,20-07-2020 19:35,28.633,-106.0691,4387,805,3032,550,,115.4022097,,,18.34966948,48406,MEX,,
Choco,Colombia,20-07-2020 19:35,5.2528,-76.826,2498,81,1458,959,,467.067794,,,3.242594075,17013,COL,,
Chongqing,China,20-07-2020 19:35,30.0572,107.874,583,6,576,1,,1.879432624,,,1.02915952,15603,CHN,,
Chukotka Autonomous Okrug,Russia,20-07-2020 19:35,66.0006475,169.4900869,148,1,143,4,,299.9108373,,,0.675675676,64313,RUS,,
Chuvashia Republic,Russia,20-07-2020 19:35,55.4259922,47.0849429,6264,49,3385,2830,,508.8062304,,,0.782247765,64314,RUS,,
Ciudad de Mexico,Mexico,20-07-2020 19:35,19.4326,-99.1332,63527,8253,48779,6495,,704.3962813,,,12.99132652,48407,MEX,,
Coahuila,Mexico,20-07-2020 19:35,27.0587,-101.7068,9300,467,6257,2576,,288.9347318,,,5.021505376,48408,MEX,,
Colima,Mexico,20-07-2020 19:35,19.1223,-104.0072,1232,144,661,427,,156.9120923,,,11.68831169,48409,MEX,,
Coquimbo,Chile,20-07-2020 19:35,-29.959,-71.3389,4792,53,3875,864,,632.5354481,,,1.106010017,15207,CHL,,
Cordoba,Colombia,20-07-2020 19:35,8.0493,-75.574,2709,304,656,1749,,151.783158,,,11.22185308,17014,COL,,
Crimea Republic*,Ukraine,20-07-2020 19:35,45.2835,34.2008,969,13,721,235,,50.63407553,,,1.341589267,80404,UKR,,
Cundinamarca,Colombia,20-07-2020 19:35,5.026,-74.03,5835,130,2697,3008,,199.8931163,,,2.227934876,17015,COL,,
Curacao,Netherlands,20-07-2020 19:35,12.1696,-68.99,28,1,24,3,,17.06276661,,,3.571428571,531,CUW,,
Cusco,Peru,20-07-2020 19:35,-13.191068,-72.153609,2750,41,,2709,,202.637978,,,1.490909091,60408,PER,,
Dadra and Nagar Haveli and Daman and Diu,India,20-07-2020 19:35,20.194742,73.080901,605,2,414,189,,98.25831054,,,0.330578512,35608,IND,,
Dagestan Republic,Russia,20-07-2020 19:35,43.0574916,47.1332224,8819,427,7554,838,,287.837174,,,4.8418188,64315,RUS,,
Dalarna,Sweden,20-07-2020 19:35,61.0917,14.6664,1915,165,,1750,,665.0090636,,,8.61618799,75202,SWE,,
Delhi,India,20-07-2020 19:35,28.646519,77.10898,122793,3628,103134,16031,,656.2637587,,,2.954565814,35609,IND,,
Distrito Federal,Brazil,20-07-2020 19:35,-15.7998,-47.8645,82412,1085,68980,12347,,2733.156721,,,1.316555841,7607,BRA,,
Dnipropetrovsk Oblast,Ukraine,20-07-2020 19:35,48.4647,35.0462,1209,25,1065,119,,37.70493286,,,2.067824648,80405,UKR,,
Donetsk Oblast,Ukraine,20-07-2020 19:35,48.0159,37.8028,794,10,298,486,,19.05950237,,,1.259445844,80406,UKR,,
Drenthe,Netherlands,20-07-2020 19:35,52.862485,6.618435,539,41,,498,,109.1795933,,,7.606679035,52801,NLD,,
Durango,Mexico,20-07-2020 19:35,24.5593,-104.6588,3314,226,2390,698,,177.3144512,,,6.81955341,48410,MEX,,
Ehime,Japan,20-07-2020 19:35,33.624835,132.856842,83,5,77,1,,6.19766057,,,6.024096386,39205,JPN,,
Emilia-Romagna,Italy,20-07-2020 19:35,44.49436681,11.3417208,29220,4277,23645,1298,,655.2337864,,,14.63723477,38008,ITA,,
England,United Kingdom,20-07-2020 19:35,52.3555,-1.1743,254120,40718,,213402,,453.9705452,,,16.02313867,82601,GBR,,
Espirito Santo,Brazil,20-07-2020 19:35,-19.1834,-40.3089,70609,2222,49036,19351,,1757.032834,,,3.146907618,7608,BRA,,
Extremadura,Spain,20-07-2020 19:35,39.4937,-6.0679,3266,519,2652,95,,306.5446245,,,15.89099816,72412,ESP,,
Falkland Islands (Malvinas),United Kingdom,20-07-2020 19:35,-51.7963,-59.5236,13,0,13,0,,373.2414585,,,0,238,FLK,,
Faroe Islands,Denmark,20-07-2020 19:35,61.8926,-6.9118,191,0,188,3,,390.8728129,,,0,234,FRO,,
Flevoland,Netherlands,20-07-2020 19:35,52.550383,5.515162,981,92,,889,,231.9033807,,,9.378185525,52802,NLD,,
French Guiana,France,20-07-2020 19:35,4,-53,6655,37,4272,2346,,2228.122217,,,0.555972953,254,GUF,,
French Polynesia,France,20-07-2020 19:35,-17.6797,-149.4068,62,0,60,2,,22.07159741,,,0,258,PYF,,
Friesland,Netherlands,20-07-2020 19:35,53.087337,5.7925,643,69,,574,,98.9296215,,,10.73094868,52803,NLD,,
Friuli Venezia Giulia,Italy,20-07-2020 19:35,45.6494354,13.76813649,3356,345,2912,99,,276.1639868,,,10.28009535,38006,ITA,,
Fujian,China,20-07-2020 19:35,26.0789,117.9874,363,1,361,1,,0.921086019,,,0.275482094,15604,CHN,,
Fukui,Japan,20-07-2020 19:35,35.846614,136.224654,126,8,114,4,,16.40759594,,,6.349206349,39206,JPN,,
Fukuoka,Japan,20-07-2020 19:35,33.526032,130.666949,1056,33,863,160,,20.69095646,,,3.125,39207,JPN,,
Fukushima,Japan,20-07-2020 19:35,37.378867,140.223295,84,0,82,2,,4.551565169,,,0,39208,JPN,,
Galicia,Spain,20-07-2020 19:35,42.5751,-8.1339,9510,619,9204,-313,,352.164702,,,6.50893796,72413,ESP,,
Gansu,China,20-07-2020 19:35,35.7518,104.2861,167,2,165,0,,0.633295411,,,1.19760479,15605,CHN,,
Gavleborg,Sweden,20-07-2020 19:35,61.3012,16.1534,3053,152,,2901,,1062.349068,,,4.978709466,75203,SWE,,
Gelderland,Netherlands,20-07-2020 19:35,52.061738,5.939114,6527,684,,5843,,312.9026938,,,10.4795465,52804,NLD,,
Gibraltar,United Kingdom,20-07-2020 19:35,36.1408,-5.3536,180,0,180,0,,534.2673117,,,0,292,GIB,,
Gifu,Japan,20-07-2020 19:35,35.778671,137.055925,180,7,151,22,,9.060766027,,,3.888888889,39209,JPN,,
Gilgit-Baltistan,Pakistan,20-07-2020 19:35,35.792146,74.982138,1849,43,1472,334,,182.4219798,,,2.325581395,58603,PAK,,
Goa,India,20-07-2020 19:35,15.359682,74.057396,3657,22,2218,1417,,230.5437352,,,0.601585999,35610,IND,,
Goias,Brazil,20-07-2020 19:35,-15.827,-49.8362,40769,1092,12513,27164,,580.891189,,,2.678505727,7609,BRA,,
Gotland,Sweden,20-07-2020 19:35,57.4684,18.4867,206,6,,200,,345.1395637,,,2.912621359,75204,SWE,,
Greenland,Denmark,20-07-2020 19:35,71.7069,-42.6043,13,0,13,0,,22.89861199,,,0,304,GRL,,
Groningen,Netherlands,20-07-2020 19:35,53.217922,6.741514,368,17,,351,,62.81299819,,,4.619565217,52805,NLD,,
Guadeloupe,France,20-07-2020 19:35,16.265,-61.551,195,14,172,9,,48.73452679,,,7.179487179,312,GLP,,
Guainia,Colombia,20-07-2020 19:35,2.5854,-68.5247,14,1,13,0,,29.09755996,,,7.142857143,17016,COL,,
Guanajuato,Mexico,20-07-2020 19:35,21.019,-101.2574,15198,725,11123,3350,,244.0201183,,,4.770364522,48411,MEX,,
Guangdong,China,20-07-2020 19:35,23.3417,113.4244,1650,8,1636,6,,1.454257007,,,0.484848485,15606,CHN,,
Guangxi,China,20-07-2020 19:35,23.8298,108.7881,254,2,252,0,,0.515631344,,,0.787401575,15607,CHN,,
Guaviare,Colombia,20-07-2020 19:35,1.0654,-73.2603,50,0,39,11,,60.4105501,,,0,17017,COL,,
Guerrero,Mexico,20-07-2020 19:35,17.4392,-99.5451,9132,1198,6870,1064,,249.7096018,,,13.11870346,48412,MEX,,
Guizhou,China,20-07-2020 19:35,26.8154,106.8748,147,2,145,0,,0.408333333,,,1.360544218,15608,CHN,,
Gujarat,India,20-07-2020 19:35,22.694884,71.590923,48355,2142,34901,11312,,75.70562678,,,4.429738393,35611,IND,,
Gunma,Japan,20-07-2020 19:35,36.504479,138.985605,167,19,136,12,,8.597363338,,,11.37724551,39210,JPN,,
Hainan,China,20-07-2020 19:35,19.1959,109.7453,171,6,165,0,,1.830835118,,,3.50877193,15609,CHN,,
Halland,Sweden,20-07-2020 19:35,56.8967,12.8034,1683,78,,1605,,504.1216362,,,4.634581105,75205,SWE,,
Hamburg,Germany,20-07-2020 19:35,53.5511,9.9937,5240,261,4900,79,,284.600248,,,4.980916031,27606,DEU,,
Haryana,India,20-07-2020 19:35,29.20004,76.332824,26164,349,19793,6022,,92.76470738,,,1.3338939,35612,IND,,
Hebei,China,20-07-2020 19:35,37.8957,114.9042,349,6,340,3,,0.461884595,,,1.719197708,15610,CHN,,
Heilongjiang,China,20-07-2020 19:35,47.862,127.7615,947,13,934,0,,2.509939041,,,1.372756072,15611,CHN,,
Henan,China,20-07-2020 19:35,37.8957,114.9042,1276,22,1254,0,,1.328474753,,,1.724137931,15612,CHN,,
Hessen,Germany,20-07-2020 19:35,50.6521,9.1624,11409,514,10550,345,,182.0834309,,,4.505215181,27607,DEU,,
Hidalgo,Mexico,20-07-2020 19:35,20.0911,-98.7624,5490,885,3876,729,,177.8763316,,,16.12021858,48413,MEX,,
Himachal Pradesh,India,20-07-2020 19:35,31.927213,77.233081,1483,11,1059,413,,19.90081797,,,0.741739717,35613,IND,,
Hiroshima,Japan,20-07-2020 19:35,34.605309,132.788719,209,3,170,36,,7.453167186,,,1.435406699,39211,JPN,,
Hokkaido,Japan,20-07-2020 19:35,43.385711,142.552318,1342,102,1156,84,,25.56166619,,,7.600596125,39212,JPN,,
Hong Kong,China,20-07-2020 19:35,22.3,114.2,1655,10,1254,391,,,,,0.604229607,,,,
Huancavelica,Peru,20-07-2020 19:35,-13.023888,-75.00277,1236,27,,1209,,338.3520394,,,2.184466019,60409,PER,,
Huanuco,Peru,20-07-2020 19:35,-9.421676,-76.040642,4806,134,,4672,,632.1189004,,,2.78818144,60410,PER,,
Hubei,China,20-07-2020 19:35,30.9756,112.2707,68135,4512,63623,0,,115.1512591,,,6.622147208,15613,CHN,,
Huila,Colombia,20-07-2020 19:35,2.5359,-75.5277,535,15,358,162,,48.61930268,,,2.803738318,17018,COL,,
Hunan,China,20-07-2020 19:35,27.6104,111.7088,1019,4,1015,0,,1.477025656,,,0.392541708,15614,CHN,,
Hyogo,Japan,20-07-2020 19:35,35.039913,134.828057,842,45,697,100,,15.40378216,,,5.344418052,39213,JPN,,
Ibaraki,Japan,20-07-2020 19:35,36.303588,140.319591,226,10,193,23,,7.901249761,,,4.424778761,39214,JPN,,
Ica,Peru,20-07-2020 19:35,-14.235097,-75.574821,9980,678,,9302,,1023.37982,,,6.793587174,60411,PER,,
Ingushetia Republic,Russia,20-07-2020 19:35,43.11542075,45.01713552,3448,71,2538,839,,706.4951244,,,2.059164733,64316,RUS,,
Inner Mongolia,China,20-07-2020 19:35,44.0935,113.9448,249,1,237,11,,0.982636148,,,0.401606426,15615,CHN,,
Irkutsk Oblast,Russia,20-07-2020 19:35,56.6370122,104.719221,11625,122,6227,5276,,483.5298302,,,1.049462366,64317,RUS,,
Ishikawa,Japan,20-07-2020 19:35,36.769464,136.771027,303,27,270,6,,26.63387389,,,8.910891089,39215,JPN,,
Islamabad,Pakistan,20-07-2020 19:35,33.665087,73.121219,14599,159,11836,2604,,727.5592403,,,1.089115693,58604,PAK,,
Isle of Man,United Kingdom,20-07-2020 19:35,54.2361,-4.5481,336,24,312,0,,395.145357,,,7.142857143,833,IMN,,
Ivano-Frankivsk Oblast,Ukraine,20-07-2020 19:35,48.9226,24.7111,3536,121,1345,2070,,257.4909776,,,3.421945701,80407,UKR,,
Ivanovo Oblast,Russia,20-07-2020 19:35,56.9167446,41.4352137,5998,64,4262,1672,,591.1421323,,,1.067022341,64318,RUS,,
Iwate,Japan,20-07-2020 19:35,39.593287,141.361777,0,0,,0,,0,,,,39216,JPN,,
Jalisco,Mexico,20-07-2020 19:35,20.6595,-103.3494,10642,1252,7290,2100,,126.5444529,,,11.76470588,48414,MEX,,
Jammu and Kashmir,India,20-07-2020 19:35,33.75943,76.612638,13899,244,7811,5844,,102.1510592,,,1.75552198,35614,IND,,
Jamtland Harjedalen,Sweden,20-07-2020 19:35,63.1712,14.9592,1106,59,,1047,,845.5011085,,,5.334538879,75206,SWE,,
Jewish Autonomous Okrug,Russia,20-07-2020 19:35,48.57527615,132.6630746,507,7,411,89,,312.9359191,,,1.380670611,64319,RUS,,
Jharkhand,India,20-07-2020 19:35,23.654536,85.557631,5535,49,2716,2770,,14.34162683,,,0.885275519,35615,IND,,
Jiangsu,China,20-07-2020 19:35,32.9711,119.455,654,0,654,0,,0.812321451,,,0,15616,CHN,,
Jiangxi,China,20-07-2020 19:35,27.614,115.7221,932,1,931,0,,2.005163511,,,0.107296137,15617,CHN,,
Jilin,China,20-07-2020 19:35,43.6661,126.1923,155,2,153,0,,0.573224852,,,1.290322581,15618,CHN,,
Jonkoping,Sweden,20-07-2020 19:35,57.3708,14.3439,4584,178,,4406,,1260.72954,,,3.883071553,75207,SWE,,
Junin,Peru,20-07-2020 19:35,-11.541783,-74.876968,5875,285,,5590,,431.5093647,,,4.85106383,60412,PER,,
Kabardino-Balkarian Republic,Russia,20-07-2020 19:35,43.4806048,43.5978976,5807,64,5294,449,,670.6874807,,,1.102118133,64320,RUS,,
Kagawa,Japan,20-07-2020 19:35,34.217292,133.969047,44,0,28,16,,4.60084049,,,0,39217,JPN,,
Kagoshima,Japan,20-07-2020 19:35,31.009484,130.430665,170,0,89,81,,10.60992727,,,0,39218,JPN,,
Kaliningrad Oblast,Russia,20-07-2020 19:35,54.7293041,21.1489473,2718,43,1932,743,,273.2759635,,,1.582045622,64321,RUS,,
Kalmar,Sweden,20-07-2020 19:35,57.235,16.1849,748,61,,687,,304.7513506,,,8.155080214,75208,SWE,,
Kalmykia Republic,Russia,20-07-2020 19:35,46.2313018,45.3275745,2371,34,1470,867,,860.8889195,,,1.433994095,64322,RUS,,
Kaluga Oblast,Russia,20-07-2020 19:35,54.4382773,35.5272854,6923,54,5325,1544,,684.0530564,,,0.780008667,64323,RUS,,
Kamchatka Krai,Russia,20-07-2020 19:35,57.1914882,160.0383819,3017,42,2209,766,,956.0871728,,,1.392111369,64324,RUS,,
Kanagawa,Japan,20-07-2020 19:35,35.415312,139.338983,2010,98,1638,274,,21.85193995,,,4.875621891,39219,JPN,,
Karachay-Cherkess Republic,Russia,20-07-2020 19:35,43.7368326,41.7267991,4234,20,2671,1543,,907.9894061,,,0.472366556,64325,RUS,,
Karelia Republic,Russia,20-07-2020 19:35,62.6194031,33.4920267,1940,3,1109,828,,311.6545967,,,0.154639175,64326,RUS,,
Karnataka,India,20-07-2020 19:35,14.70518,76.166436,63772,1331,23065,39376,,94.38937937,,,2.087122875,35616,IND,,
Kemerovo Oblast,Russia,20-07-2020 19:35,54.5335781,87.342861,2796,15,1561,1220,,103.7524162,,,0.536480687,64327,RUS,,
Kerala,India,20-07-2020 19:35,10.450898,76.405749,12480,42,5371,7067,,34.95852862,,,0.336538462,35617,IND,,
Khabarovsk Krai,Russia,20-07-2020 19:35,51.6312684,136.121524,6208,51,3228,2929,,467.3635965,,,0.821520619,64328,RUS,,
Khakassia Republic,Russia,20-07-2020 19:35,53.72258845,91.44293627,2628,26,2067,535,,488.9184076,,,0.98934551,64329,RUS,,
Khanty-Mansi Autonomous Okrug,Russia,20-07-2020 19:35,61.0259025,69.0982628,14214,106,9058,5050,,927.6596467,,,0.745743633,64330,RUS,,
Kharkiv Oblast,Ukraine,20-07-2020 19:35,49.9935,36.2304,3033,118,1669,1246,,113.3578363,,,3.890537422,80408,UKR,,
Kherson Oblast,Ukraine,20-07-2020 19:35,46.6354,32.6169,213,3,193,17,,20.52735053,,,1.408450704,80409,UKR,,
Khmelnytskyi Oblast,Ukraine,20-07-2020 19:35,49.423,26.9871,980,23,825,132,,77.48842615,,,2.346938776,80410,UKR,,
Khyber Pakhtunkhwa,Pakistan,20-07-2020 19:35,34.485332,72.09169,32086,1142,25006,5938,,105.1194509,,,3.559184691,58605,PAK,,
Kiev,Ukraine,20-07-2020 19:35,50.4501,30.5234,6961,128,2387,4446,,235.9021282,,,1.838816262,80411,UKR,,
Kiev Oblast,Ukraine,20-07-2020 19:35,50.053,30.7667,3308,59,2277,972,,187.1104223,,,1.783555018,80412,UKR,,
Kirov Oblast,Russia,20-07-2020 19:35,57.9665589,49.4074599,4198,53,3862,283,,327.141185,,,1.262505955,64331,RUS,,
Kirovohrad Oblast,Ukraine,20-07-2020 19:35,48.5079,32.2623,682,33,611,38,,72.12740958,,,4.838709677,80413,UKR,,
Kochi,Japan,20-07-2020 19:35,33.422519,133.367307,76,3,71,2,,10.88779979,,,3.947368421,39220,JPN,,
Komi Republic,Russia,20-07-2020 19:35,63.9881421,54.3326073,4761,40,2759,1962,,566.1972735,,,0.84015963,64332,RUS,,
Kostroma Oblast,Russia,20-07-2020 19:35,58.424756,44.2533273,1995,24,1327,644,,310.1081259,,,1.203007519,64333,RUS,,
Krasnodar Krai,Russia,20-07-2020 19:35,45.7684014,39.0261044,7262,97,6154,1011,,129.5994232,,,1.335720187,64334,RUS,,
Krasnoyarsk Krai,Russia,20-07-2020 19:35,63.3233807,97.0979974,11528,260,8687,2581,,400.7652363,,,2.25537821,64335,RUS,,
Kronoberg,Sweden,20-07-2020 19:35,56.7183,14.4115,1119,102,,1017,,555.4204369,,,9.115281501,75209,SWE,,
Kumamoto,Japan,20-07-2020 19:35,32.608154,130.745231,50,3,46,1,,2.861120632,,,6,39221,JPN,,
Kurgan Oblast,Russia,20-07-2020 19:35,55.7655302,64.5632681,1803,3,861,939,,213.2372682,,,0.166389351,64336,RUS,,
Kursk Oblast,Russia,20-07-2020 19:35,51.6568453,36.4852695,5893,49,4132,1712,,528.4078631,,,0.831494994,64337,RUS,,
Kyoto,Japan,20-07-2020 19:35,35.253815,135.443341,566,18,395,153,,21.91286963,,,3.180212014,39222,JPN,,
La Guajira,Colombia,20-07-2020 19:35,11.3548,-72.5205,1511,79,453,979,,171.5953484,,,5.228325612,17019,COL,,
La Libertad,Peru,20-07-2020 19:35,-7.92139,-78.370238,13074,876,,12198,,648.2546608,,,6.700321248,60413,PER,,
La Rioja,Spain,20-07-2020 19:35,42.2871,-2.5396,4122,366,3107,649,,1314.534826,,,8.879184862,72419,ESP,,
Ladakh,India,20-07-2020 19:35,34.1526,77.5771,1178,2,1003,173,,429.4740219,,,0.169779287,35618,IND,,
Lambayeque,Peru,20-07-2020 19:35,-6.353049,-79.824113,15753,819,,14934,,1201.785169,,,5.199009712,60414,PER,,
Lazio,Italy,20-07-2020 19:35,41.89277044,12.48366722,8450,851,6714,885,,143.7299225,,,10.07100592,38012,ITA,,
Leningrad Oblast,Russia,20-07-2020 19:35,60.1853296,32.3925325,5405,46,4355,1004,,297.9905349,,,0.85106383,64338,RUS,,
Liaoning,China,20-07-2020 19:35,41.2956,122.6085,164,2,150,12,,0.376233081,,,1.219512195,15619,CHN,,
Liguria,Italy,20-07-2020 19:35,44.41149315,8.9326992,10105,1565,8355,185,,651.6664087,,,15.48738248,38007,ITA,,
Lima,Peru,20-07-2020 19:35,-11.766533,-76.604498,189865,6122,,183743,,1786.376253,,,3.224396282,60415,PER,,
Limburg,Netherlands,20-07-2020 19:35,51.209227,5.93387,4891,752,,4139,,437.790514,,,15.3751789,52806,NLD,,
Lipetsk Oblast,Russia,20-07-2020 19:35,52.6935178,39.1122664,4410,20,3364,1026,,383.4112473,,,0.453514739,64339,RUS,,
Lombardia,Italy,20-07-2020 19:35,45.46679409,9.190347404,95548,16796,71611,7141,,949.7271229,,,17.57859924,38003,ITA,,
Loreto,Peru,20-07-2020 19:35,-4.124847,-74.424115,10227,369,,9858,,995.2316076,,,3.608096216,60416,PER,,
Los Lagos,Chile,20-07-2020 19:35,-41.9198,-72.1416,2761,32,2181,548,,333.1692225,,,1.159000362,15208,CHL,,
Los Rios,Chile,20-07-2020 19:35,-40.231,-72.3311,833,13,733,87,,216.4552785,,,1.56062425,15209,CHL,,
Luhansk Oblast,Ukraine,20-07-2020 19:35,48.574,39.3078,106,1,81,24,,4.926032829,,,0.943396226,80414,UKR,,
Lviv Oblast,Ukraine,20-07-2020 19:35,49.8397,24.0297,8115,209,1605,6301,,321.7657585,,,2.575477511,80415,UKR,,
Macau,China,20-07-2020 19:35,22.1667,113.55,46,0,45,1,,,,,0,,,,
Madhya Pradesh,India,20-07-2020 19:35,23.541513,78.289633,22600,721,15311,6568,,26.47642225,,,3.190265487,35619,IND,,
Madre de Dios,Peru,20-07-2020 19:35,-11.972699,-70.53172,2605,83,,2522,,1498.849252,,,3.186180422,60417,PER,,
Madrid,Spain,20-07-2020 19:35,40.4168,-3.7038,73296,8447,40736,24113,,1103.581355,,,11.52450338,72414,ESP,,
Magadan Oblast,Russia,20-07-2020 19:35,62.48858785,153.9903764,1161,7,771,383,,805.7408166,,,0.60292851,64340,RUS,,
Magallanes,Chile,20-07-2020 19:35,-52.368,-70.9863,1606,28,1490,88,,964.3734275,,,1.743462017,15210,CHL,,
Magdalena,Colombia,20-07-2020 19:35,10.4113,-74.4057,4179,259,1680,2240,,311.4598441,,,6.197654941,17020,COL,,
Maharashtra,India,20-07-2020 19:35,19.449759,76.108221,310455,11854,169569,129032,,252.1068325,,,3.818266738,35620,IND,,
Manipur,India,20-07-2020 19:35,24.738975,93.882541,1911,0,1213,698,,61.81375332,,,0,35621,IND,,
Manitoba,Canada,20-07-2020 19:35,53.7609,-98.8139,354,7,318,29,,25.69841243,,,1.97740113,12403,CAN,,
Maranhao,Brazil,20-07-2020 19:35,-4.9609,-45.2744,106325,2708,90957,12660,,1502.788409,,,2.546908065,7610,BRA,,
Marche,Italy,20-07-2020 19:35,43.61675973,13.5188753,6811,987,5678,146,,446.5435978,,,14.49126413,38011,ITA,,
Mari El Republic,Russia,20-07-2020 19:35,56.5767504,47.8817512,3520,31,2948,541,,515.877145,,,0.880681818,64341,RUS,,
Martinique,France,20-07-2020 19:35,14.6415,-61.0242,262,15,98,149,,69.81732909,,,5.72519084,474,MTQ,,
Mato Grosso,Brazil,20-07-2020 19:35,-12.6819,-56.9211,34136,1332,16726,16078,,979.6623069,,,3.902038903,7611,BRA,,
Mato Grosso do Sul,Brazil,20-07-2020 19:35,-20.7722,-54.7852,16403,222,10568,5613,,590.2512643,,,1.353410961,7612,BRA,,
Maule,Chile,20-07-2020 19:35,-35.5183,-71.6885,7817,127,6658,1032,,748.0740705,,,1.624664193,15211,CHL,,
Mayotte,France,20-07-2020 19:35,-12.8275,45.166244,2808,38,2591,179,,1029.276464,,,1.353276353,175,MYT,,
Mecklenburg-Vorpommern,Germany,20-07-2020 19:35,53.6127,12.4296,809,20,784,5,,50.25859257,,,2.472187886,27608,DEU,,
Meghalaya,India,20-07-2020 19:35,25.536934,91.278882,450,2,66,382,,13.36616459,,,0.444444444,35622,IND,,
Melilla,Spain,20-07-2020 19:35,35.2923,-2.9381,129,2,125,2,,152.3220253,,,1.550387597,72415,ESP,,
Meta,Colombia,20-07-2020 19:35,3.272,-73.0877,1936,20,1289,627,,186.2036198,,,1.033057851,17021,COL,,
Metropolitana,Chile,20-07-2020 19:35,-33.4376,-70.6505,245983,6975,229130,9878,,3458.310698,,,2.835561807,15212,CHL,,
Mexico,Mexico,20-07-2020 19:35,19.4969,-99.7233,46443,5688,36190,4565,,266.4881778,,,12.24727085,48415,MEX,,
Michoacan,Mexico,20-07-2020 19:35,19.5665,-101.7068,8140,640,6692,808,,168.6906435,,,7.862407862,48416,MEX,,
Mie,Japan,20-07-2020 19:35,34.508018,136.376013,57,1,46,10,,3.200661245,,,1.754385965,39223,JPN,,
Minas Gerais,Brazil,20-07-2020 19:35,-18.5122,-44.555,92972,1982,65719,25271,,439.1937168,,,2.131824635,7613,BRA,,
Miyagi,Japan,20-07-2020 19:35,38.446859,140.927086,136,1,100,35,,5.896724933,,,0.735294118,39224,JPN,,
Miyazaki,Japan,20-07-2020 19:35,32.193204,131.299374,20,0,18,2,,1.863410171,,,0,39225,JPN,,
Mizoram,India,20-07-2020 19:35,23.309381,92.83822,284,0,167,117,,22.9171979,,,0,35623,IND,,
Molise,Italy,20-07-2020 19:35,41.55774754,14.65916051,446,23,415,8,,145.9342903,,,5.156950673,38014,ITA,,
Montserrat,United Kingdom,20-07-2020 19:35,16.742498,-62.187366,12,1,10,1,,240.0480096,,,8.333333333,500,MSR,,
Moquegua,Peru,20-07-2020 19:35,-16.860271,-70.839046,1670,38,,1632,,866.6320706,,,2.275449102,60418,PER,,
Mordovia Republic,Russia,20-07-2020 19:35,54.4419829,44.4661144,4121,32,2990,1099,,511.8898561,,,0.776510556,64342,RUS,,
Morelos,Mexico,20-07-2020 19:35,18.6813,-99.1013,3629,777,2558,294,,177.5389935,,,21.41085699,48417,MEX,,
Moscow,Russia,20-07-2020 19:35,55.7504461,37.6174943,234123,4314,170918,58891,,1872.015344,,,1.842621186,64343,RUS,,
Moscow Oblast,Russia,20-07-2020 19:35,55.5043158,38.0353929,61896,1061,43585,17250,,824.9076917,,,1.714165697,64344,RUS,,
Murcia,Spain,20-07-2020 19:35,37.9922,-1.1307,1840,148,2180,-488,,123.6839257,,,8.043478261,72416,ESP,,
Murmansk Oblast,Russia,20-07-2020 19:35,68.0000418,33.9999151,8444,52,4394,3998,,1120.552261,,,0.615821885,64345,RUS,,
Mykolaiv Oblast,Ukraine,20-07-2020 19:35,46.975,31.9946,522,12,403,107,,20.6976865,,,2.298850575,80416,UKR,,
Nagaland,India,20-07-2020 19:35,26.06702,94.470302,988,0,445,543,,43.91706431,,,0,35624,IND,,
Nagano,Japan,20-07-2020 19:35,36.132134,138.045528,85,0,76,9,,4.148790262,,,0,39226,JPN,,
Nagasaki,Japan,20-07-2020 19:35,33.235712,129.608033,44,1,17,26,,3.316939611,,,2.272727273,39227,JPN,,
Nara,Japan,20-07-2020 19:35,34.317451,135.871644,156,2,103,51,,11.72823867,,,1.282051282,39228,JPN,,
Narino,Colombia,20-07-2020 19:35,1.2892,-77.3579,5401,166,3148,2087,,331.229394,,,3.073504906,17022,COL,,
Navarra,Spain,20-07-2020 19:35,42.6954,-1.6761,5879,529,3905,1445,,904.5366846,,,8.998128933,72417,ESP,,
Nayarit,Mexico,20-07-2020 19:35,21.7514,-104.8455,2802,287,1972,543,,217.4501832,,,10.2426838,48418,MEX,,
Nenets Autonomous Okrug,Russia,20-07-2020 19:35,68.27557185,57.1686375,260,0,46,214,,590.9493829,,,0,64346,RUS,,
New Brunswick,Canada,20-07-2020 19:35,46.5653,-66.4619,170,2,163,5,,21.79506739,,,1.176470588,12404,CAN,,
New Caledonia,France,20-07-2020 19:35,-20.904305,165.618042,22,0,21,1,,7.706022256,,,0,540,NCL,,
New South Wales,Australia,20-07-2020 19:35,-33.8688,151.2093,3588,49,2988,551,,44.19807834,,,1.365663322,3602,AUS,,
Newfoundland and Labrador,Canada,20-07-2020 19:35,53.1355,-57.6604,262,3,259,0,,50.25270204,,,1.145038168,12405,CAN,,
Niedersachsen,Germany,20-07-2020 19:35,52.6367,9.8451,14030,647,13111,272,,175.7606188,,,4.611546686,27609,DEU,,
Niigata,Japan,20-07-2020 19:35,37.521819,138.918647,89,0,83,6,,4.003407845,,,0,39229,JPN,,
Ningxia,China,20-07-2020 19:35,37.2692,106.1655,75,0,75,0,,1.090116279,,,0,15620,CHN,,
Nizhny Novgorod Oblast,Russia,20-07-2020 19:35,55.4718033,44.0911594,21814,340,15993,5481,,674.363908,,,1.558632071,64347,RUS,,
Noord-Brabant,Netherlands,20-07-2020 19:35,51.561174,5.184942,9782,1535,,8247,,381.6688159,,,15.69208751,52807,NLD,,
Noord-Holland,Netherlands,20-07-2020 19:35,52.600906,4.918688,7523,814,,6709,,261.2581858,,,10.82015154,52808,NLD,,
Nordrhein-Westfalen,Germany,20-07-2020 19:35,51.4332,7.6616,46075,1713,42400,1962,,256.9335677,,,3.717851329,27610,DEU,,
Norrbotten,Sweden,20-07-2020 19:35,66.8309,20.3992,1536,76,,1460,,614.1715282,,,4.947916667,75210,SWE,,
Norte de Santander,Colombia,20-07-2020 19:35,7.9463,-72.8988,836,36,292,508,,56.04385365,,,4.306220096,17023,COL,,
North Ossetia - Alania Republic,Russia,20-07-2020 19:35,42.7933611,44.6324493,4369,67,3746,556,,622.5730836,,,1.533531701,64348,RUS,,
Northern Ireland,United Kingdom,20-07-2020 19:35,54.7877,-6.4923,5857,556,,5301,,311.2776361,,,9.492914461,82602,GBR,,
Northern Territory,Australia,20-07-2020 19:35,-12.4634,130.8456,31,0,29,2,,12.62214984,,,0,3603,AUS,,
Northwest Territories,Canada,20-07-2020 19:35,64.8255,-124.8457,5,0,5,0,,11.13486549,,,0,12406,CAN,,
Nova Scotia,Canada,20-07-2020 19:35,44.682,-63.7443,1067,63,1003,1,,109.1608122,,,5.904404873,12407,CAN,,
Novgorod Oblast,Russia,20-07-2020 19:35,58.2843833,32.5169757,3549,64,1922,1563,,585.1839149,,,1.80332488,64349,RUS,,
Novosibirsk Oblast,Russia,20-07-2020 19:35,54.9720169,79.4813924,8186,171,6203,1812,,293.5261106,,,2.088932323,64350,RUS,,
Nuble,Chile,20-07-2020 19:35,-36.7226,-71.7622,3222,53,2701,468,,670.3994307,,,1.64494103,15213,CHL,,
Nuevo Leon,Mexico,20-07-2020 19:35,25.5922,-99.9962,12575,669,7977,3929,,224.1471846,,,5.320079523,48419,MEX,,
OHiggins,Chile,20-07-2020 19:35,-34.5755,-71.0022,9366,173,7916,1277,,1024.104619,,,1.847106556,15214,CHL,,
Oaxaca,Mexico,20-07-2020 19:35,17.0732,-96.7266,8792,811,7206,775,,212.1830016,,,9.224294813,48420,MEX,,
Odessa Oblast,Ukraine,20-07-2020 19:35,46.4846,30.7326,2573,37,1117,1419,,108.0952549,,,1.438010105,80417,UKR,,
Odisha,India,20-07-2020 19:35,20.505428,84.418059,17437,91,12453,4893,,37.61514014,,,0.521878764,35625,IND,,
Oita,Japan,20-07-2020 19:35,33.200697,131.43324,60,1,59,0,,5.284322999,,,1.666666667,39230,JPN,,
Okayama,Japan,20-07-2020 19:35,34.89246,133.826252,43,0,28,15,,2.275630747,,,0,39231,JPN,,
Okinawa,Japan,20-07-2020 19:35,25.768923,126.668016,156,7,142,7,,10.7351662,,,4.487179487,39232,JPN,,
Omsk Oblast,Russia,20-07-2020 19:35,56.0935263,73.5099936,5503,52,3182,2269,,280.7537035,,,0.944939124,64351,RUS,,
Ontario,Canada,20-07-2020 19:35,51.2538,-85.3232,39522,2795,34975,1752,,268.6410056,,,7.072010526,12408,CAN,,
Orebro,Sweden,20-07-2020 19:35,59.535,15.0066,2456,171,,2285,,805.7610604,,,6.962540717,75211,SWE,,
Orel Oblast,Russia,20-07-2020 19:35,52.9685433,36.0692477,5349,77,3880,1392,,715.8275644,,,1.439521406,64352,RUS,,
Orenburg Oblast,Russia,20-07-2020 19:35,52.0269262,54.7276647,5701,34,4107,1560,,288.2612301,,,0.596386599,64353,RUS,,
Osaka,Japan,20-07-2020 19:35,34.620965,135.507481,2469,86,1873,510,,28.02699809,,,3.483191576,39233,JPN,,
Ostergotland,Sweden,20-07-2020 19:35,58.3454,15.5198,3464,239,,3225,,744.1540725,,,6.899538106,75212,SWE,,
Overijssel,Netherlands,20-07-2020 19:35,52.444558,6.441722,3143,311,,2832,,270.387455,,,9.895004773,52809,NLD,,
P.A. Bolzano,Italy,20-07-2020 19:35,46.49933453,11.35662422,2684,292,2292,100,,504.2098896,,,10.87928465,38041,ITA,,
P.A. Trento,Italy,20-07-2020 19:35,46.06893511,11.12123097,4889,405,4464,20,,902.9991615,,,8.283902639,38042,ITA,,
Pais Vasco,Spain,20-07-2020 19:35,42.9896,-2.6189,14539,1563,16160,-3184,,667.5758077,,,10.75039549,72418,ESP,,
Para,Brazil,20-07-2020 19:35,-1.9981,-54.9306,137484,5523,124363,7598,,1598.118766,,,4.017194728,7614,BRA,,
Paraiba,Brazil,20-07-2020 19:35,-7.24,-36.782,67382,1486,24437,41459,,1676.95048,,,2.205336737,7615,BRA,,
Parana,Brazil,20-07-2020 19:35,-25.2521,-52.0215,54629,1327,18419,34883,,477.7786028,,,2.429112742,7616,BRA,,
Pasco,Peru,20-07-2020 19:35,-10.39655,-75.307635,1454,37,,1417,,534.7554248,,,2.544704264,60419,PER,,
Penza Oblast,Russia,20-07-2020 19:35,53.1655415,44.7879181,6028,73,5269,686,,452.6697981,,,1.211015262,64354,RUS,,
Perm Krai,Russia,20-07-2020 19:35,58.5951603,56.3159546,5069,108,3956,1005,,193.2430135,,,2.130597751,64355,RUS,,
Pernambuco,Brazil,20-07-2020 19:35,-8.8137,-36.9541,79452,5984,56615,16853,,831.3425735,,,7.531591401,7617,BRA,,
Piaui,Brazil,20-07-2020 19:35,-7.7183,-42.7289,39296,1100,37605,591,,1200.527797,,,2.799267101,7618,BRA,,
Piemonte,Italy,20-07-2020 19:35,45.0732745,7.680687483,31537,4120,26584,833,,723.922426,,,13.06402004,38001,ITA,,
Piura,Peru,20-07-2020 19:35,-5.133361,-80.335861,19463,874,,18589,,950.3417969,,,4.490571854,60420,PER,,
Poltava Oblast,Ukraine,20-07-2020 19:35,49.5883,34.5514,353,13,310,30,,25.20638171,,,3.682719547,80418,UKR,,
Port Quarantine,Japan,20-07-2020 19:35,,,473,1,219,253,,,,,0.21141649,39248,JPN,,
Primorsky Krai,Russia,20-07-2020 19:35,45.0819456,134.726645,5640,63,4186,1391,,294.8191802,,,1.117021277,64356,RUS,,
Prince Edward Island,Canada,20-07-2020 19:35,46.5107,-63.4168,36,0,31,5,,22.76204808,,,0,12409,CAN,,
Pskov Oblast,Russia,20-07-2020 19:35,57.5358729,28.8586826,3421,45,2221,1155,,537.4317017,,,1.315404852,64357,RUS,,
Puducherry,India,20-07-2020 19:35,11.882658,78.86498,1999,28,1154,817,,141.4178001,,,1.40070035,35626,IND,,
Puebla,Mexico,20-07-2020 19:35,19.0414,-98.2063,16386,1998,11823,2565,,248.1054065,,,12.19333577,48421,MEX,,
Puglia,Italy,20-07-2020 19:35,41.12559576,16.86736689,4557,548,3930,79,,113.103501,,,12.02545534,38016,ITA,,
Punjab,India,20-07-2020 19:35,30.841465,75.40879,10100,254,6535,3311,,33.50875887,,,2.514851485,35627,IND,,
Punjab,Pakistan,20-07-2020 19:35,30.811346,72.139132,90191,2083,65689,22419,,81.98254521,,,2.309543081,58606,PAK,,
Puno,Peru,20-07-2020 19:35,-14.995827,-69.922726,1299,49,,1250,,104.9273021,,,3.77213241,60421,PER,,
Putumayo,Colombia,20-07-2020 19:35,0.436,-75.5277,243,16,16,211,,69.79108627,,,6.58436214,17024,COL,,
Qinghai,China,20-07-2020 19:35,35.7452,95.9956,18,0,18,0,,0.298507463,,,0,15621,CHN,,
Quebec,Canada,20-07-2020 19:35,52.9399,-73.5491,57616,5657,50190,1769,,674.8442257,,,9.818453207,12410,CAN,,
Queensland,Australia,20-07-2020 19:35,-27.4698,153.0251,1072,6,1061,5,,20.95591829,,,0.559701493,3604,AUS,,
Queretaro,Mexico,20-07-2020 19:35,20.5888,-100.3899,2959,409,2151,399,,129.8013675,,,13.82223724,48422,MEX,,
Quindio,Colombia,20-07-2020 19:35,4.461,-75.6674,212,5,166,41,,39.26623992,,,2.358490566,17025,COL,,
Quintana Roo,Mexico,20-07-2020 19:35,19.1817,-88.4791,6285,795,4217,1273,,364.7159249,,,12.64916468,48423,MEX,,
Rajasthan,India,20-07-2020 19:35,26.583423,73.847973,29434,559,21730,7145,,36.32361256,,,1.899164232,35628,IND,,
Reunion,France,20-07-2020 19:35,-21.1151,55.5364,631,3,472,156,,70.47853923,,,0.475435816,638,REU,,
Rheinland-Pfalz,Germany,20-07-2020 19:35,50.1183,7.309,7318,238,6815,265,,179.1500483,,,3.252254714,27611,DEU,,
Rio Grande do Norte,Brazil,20-07-2020 19:35,-5.4026,-36.9541,43766,1577,3441,38748,,1248.013532,,,3.603253667,7620,BRA,,
Rio Grande do Sul,Brazil,20-07-2020 19:35,-30.0346,-51.2177,47113,1252,40527,5334,,414.0987106,,,2.657440621,7621,BRA,,
Rio de Janeiro,Brazil,20-07-2020 19:35,-22.9068,-43.1729,138524,12114,117262,9148,,802.3426431,,,8.745055009,7619,BRA,,
Risaralda,Colombia,20-07-2020 19:35,5.3158,-75.9928,995,21,509,465,,105.4694663,,,2.110552764,17026,COL,,
Rivne Oblast,Ukraine,20-07-2020 19:35,50.6199,26.2516,5144,89,3722,1333,,444.4824639,,,1.730171073,80419,UKR,,
Rondonia,Brazil,20-07-2020 19:35,-11.5057,-63.5806,29117,686,17983,10448,,1638.340672,,,2.356011952,7622,BRA,,
Roraima,Brazil,20-07-2020 19:35,-2.7376,-62.0751,25467,429,8455,16583,,4204.133313,,,1.684532925,7623,BRA,,
Rostov Oblast,Russia,20-07-2020 19:35,47.6222451,40.7957942,11534,183,8926,2425,,273.2882639,,,1.586613491,64358,RUS,,
Ryazan Oblast,Russia,20-07-2020 19:35,54.4226732,40.5705246,5957,24,5049,884,,531.1759345,,,0.402887359,64359,RUS,,
Saarland,Germany,20-07-2020 19:35,49.3964,7.023,2830,174,2596,60,,285.7116896,,,6.148409894,27612,DEU,,
Sachsen,Germany,20-07-2020 19:35,51.1045,13.2017,5496,225,5235,36,,134.7740291,,,4.093886463,27613,DEU,,
Sachsen-Anhalt,Germany,20-07-2020 19:35,51.9503,11.6923,1958,62,1850,46,,88.66464613,,,3.166496425,27614,DEU,,
Saga,Japan,20-07-2020 19:35,33.286977,130.115738,46,0,47,-1,,5.646173919,,,0,39234,JPN,,
Saint Barthelemy,France,20-07-2020 19:35,17.9,-62.8333,6,0,6,0,,60.69802731,,,0,652,BLM,,
Saint Petersburg,Russia,20-07-2020 19:35,59.9606739,30.1586551,29541,1807,22425,5309,,551.9685871,,,6.116922244,64360,RUS,,
Saint Pierre and Miquelon,France,20-07-2020 19:35,46.8852,-56.3159,4,0,1,3,,69.02502157,,,0,666,SPM,,
Saitama,Japan,20-07-2020 19:35,35.997101,139.347635,1785,69,1247,469,,24.28672871,,,3.865546218,39235,JPN,,
Sakha (Yakutiya) Republic,Russia,20-07-2020 19:35,66.941626,129.642371,5239,40,4779,420,,543.2787531,,,0.763504486,64361,RUS,,
Sakhalin Oblast,Russia,20-07-2020 19:35,49.7219665,143.448533,1863,0,599,1264,,380.0636908,,,0,64362,RUS,,
Samara Oblast,Russia,20-07-2020 19:35,53.2128813,50.8914633,6380,74,3995,2311,,199.7799289,,,1.159874608,64363,RUS,,
San Andres y Providencia,Colombia,20-07-2020 19:35,12.5567,-81.7185,30,0,23,7,,48.95561358,,,0,17027,COL,,
San Luis Potosi,Mexico,20-07-2020 19:35,22.1565,-100.9855,6055,324,3741,1990,,211.2595957,,,5.350949628,48424,MEX,,
San Martin,Peru,20-07-2020 19:35,-7.039531,-76.729127,7019,194,,6825,,780.2356603,,,2.763926485,60422,PER,,
Santa Catarina,Brazil,20-07-2020 19:35,-27.2423,-50.2189,53336,685,42569,10082,,744.4183973,,,1.284310784,7624,BRA,,
Santander,Colombia,20-07-2020 19:35,6.6437,-73.6536,1922,43,663,1216,,87.96994925,,,2.237252862,17028,COL,,
Sao Paulo,Brazil,20-07-2020 19:35,-23.5505,-46.6333,415049,19732,270203,125114,,903.871071,,,4.754137463,7625,BRA,,
Saratov Oblast,Russia,20-07-2020 19:35,51.6520555,46.8631952,8349,51,4746,3552,,338.983739,,,0.610851599,64364,RUS,,
Sardegna,Italy,20-07-2020 19:35,39.21531192,9.110616306,1379,134,1233,12,,84.10634115,,,9.717186367,38020,ITA,,
Saskatchewan,Canada,20-07-2020 19:35,52.9399,-106.4509,943,15,799,129,,79.80258381,,,1.590668081,12411,CAN,,
Schleswig-Holstein,Germany,20-07-2020 19:35,54.2194,9.6961,3271,155,3050,66,,112.9211326,,,4.738612045,27615,DEU,,
Scotland,United Kingdom,20-07-2020 19:35,56.4907,-4.2026,18452,2491,,15961,,337.7445866,,,13.49989161,82603,GBR,,
Sergipe,Brazil,20-07-2020 19:35,-10.5741,-37.3857,45243,1125,24533,19585,,1968.202842,,,2.486572508,7626,BRA,,
Sevastopol*,Ukraine,20-07-2020 19:35,44.6054,33.522,305,6,237,62,,68.81598155,,,1.967213115,80420,UKR,,
Shaanxi,China,20-07-2020 19:35,35.1917,108.8701,321,3,315,3,,0.830745342,,,0.934579439,15622,CHN,,
Shandong,China,20-07-2020 19:35,36.3427,118.1498,793,7,785,1,,0.789290335,,,0.882723834,15623,CHN,,
Shanghai,China,20-07-2020 19:35,31.202,121.4491,732,7,691,34,,3.01980198,,,0.956284153,15624,CHN,,
Shanxi,China,20-07-2020 19:35,37.5777,112.2922,201,0,198,3,,0.540613233,,,0,15625,CHN,,
Shiga,Japan,20-07-2020 19:35,35.215827,136.138064,111,1,103,7,,7.85038718,,,0.900900901,39236,JPN,,
Shimane,Japan,20-07-2020 19:35,35.07076,132.554064,25,0,24,1,,3.707295661,,,0,39237,JPN,,
Shizuoka,Japan,20-07-2020 19:35,34.916975,138.407784,109,1,84,24,,2.991605938,,,0.917431193,39238,JPN,,
Sichuan,China,20-07-2020 19:35,30.6171,102.7103,599,3,590,6,,0.718139312,,,0.500834725,15626,CHN,,
Sicilia,Italy,20-07-2020 19:35,38.11569725,13.3623567,3144,283,2704,157,,62.88137081,,,9.001272265,38019,ITA,,
Sikkim,India,20-07-2020 19:35,27.571671,88.472712,283,0,92,191,,40.99957841,,,0,35629,IND,,
Sinaloa,Mexico,20-07-2020 19:35,25.1721,-107.4795,11350,1843,8568,939,,359.5556589,,,16.23788546,48425,MEX,,
Sindh,Pakistan,20-07-2020 19:35,26.009446,68.776807,113007,1993,92037,18977,,235.991479,,,1.763607564,58607,PAK,,
Sint Maarten,Netherlands,20-07-2020 19:35,18.0425,-63.0548,79,15,63,1,,184.226482,,,18.98734177,534,SXM,,
Skane,Sweden,20-07-2020 19:35,55.9903,13.5958,3429,260,,3169,,248.8701412,,,7.582385535,75213,SWE,,
Smolensk Oblast,Russia,20-07-2020 19:35,55.0343496,33.0192065,5408,87,3334,1987,,569.6541205,,,1.608727811,64365,RUS,,
Sonora,Mexico,20-07-2020 19:35,29.2972,-110.3309,14608,1499,11890,1219,,475.0963088,,,10.26150055,48426,MEX,,
Sormland,Sweden,20-07-2020 19:35,59.0336,16.7519,2361,248,,2113,,793.5067554,,,10.50402372,75214,SWE,,
South Australia,Australia,20-07-2020 19:35,-34.9285,138.6007,444,4,440,0,,25.27754056,,,0.900900901,3605,AUS,,
St Martin,France,20-07-2020 19:35,18.0708,-63.0501,46,3,39,4,,118.9891099,,,6.52173913,663,MAF,,
Stavropol Krai,Russia,20-07-2020 19:35,44.8632577,43.4406913,6990,130,4481,2379,,249.582779,,,1.859799714,64366,RUS,,
Stockholm,Sweden,20-07-2020 19:35,59.6025,18.1384,22760,2377,,20383,,957.4768382,,,10.44376098,75215,SWE,,
Sucre,Colombia,20-07-2020 19:35,8.814,-74.7233,4139,225,1235,2679,,457.4173107,,,5.436095675,17029,COL,,
Sumy Oblast,Ukraine,20-07-2020 19:35,50.9077,34.7981,371,6,307,58,,34.30680828,,,1.617250674,80421,UKR,,
Sverdlovsk Oblast,Russia,20-07-2020 19:35,58.6414755,61.8021546,18023,195,12092,5736,,416.6920987,,,1.081950841,64367,RUS,,
Tabasco,Mexico,20-07-2020 19:35,17.8409,-92.6189,17792,1624,13770,2398,,691.6802052,,,9.127697842,48427,MEX,,
Tacna,Peru,20-07-2020 19:35,-17.644161,-70.27756,1694,15,,1679,,456.6037736,,,0.885478158,60423,PER,,
Tamaulipas,Mexico,20-07-2020 19:35,24.2669,-98.8363,11299,704,8567,2028,,309.5105958,,,6.23063988,48428,MEX,,
Tambov Oblast,Russia,20-07-2020 19:35,52.9019574,41.3578918,5566,30,4257,1279,,538.5312011,,,0.538986705,64368,RUS,,
Tamil Nadu,India,20-07-2020 19:35,11.006091,78.400624,170693,2481,117915,50297,,219.2834297,,,1.453486669,35630,IND,,
Tarapaca,Chile,20-07-2020 19:35,-19.9232,-69.5132,7627,141,6867,619,,2307.310669,,,1.848695424,15215,CHL,,
Tasmania,Australia,20-07-2020 19:35,-42.8821,147.3272,229,13,215,1,,42.76377218,,,5.676855895,3606,AUS,,
Tatarstan Republic,Russia,20-07-2020 19:35,55.7648572,52.43104273,5248,19,4157,1072,,134.7616147,,,0.362042683,64369,RUS,,
Telangana,India,20-07-2020 19:35,18.1124,79.0193,45076,415,32438,12223,,114.5144092,,,0.920667317,35631,IND,,
Ternopil Oblast,Ukraine,20-07-2020 19:35,49.5535,25.5948,2456,34,1558,864,,234.8263996,,,1.384364821,80422,UKR,,
Thuringen,Germany,20-07-2020 19:35,51.011,10.8453,3322,182,3120,20,,155.0058442,,,5.478627333,27616,DEU,,
Tianjin,China,20-07-2020 19:35,39.3054,117.323,203,3,195,5,,1.301282051,,,1.477832512,15627,CHN,,
Tibet,China,20-07-2020 19:35,31.6927,88.0924,1,0,1,0,,0.029069767,,,0,15628,CHN,,
Tlaxcala,Mexico,20-07-2020 19:35,19.3139,-98.2404,3864,522,2776,566,,279.9977681,,,13.50931677,48429,MEX,,
Tocantins,Brazil,20-07-2020 19:35,-10.1753,-48.2982,17773,294,11372,6107,,1129.975472,,,1.654194565,7627,BRA,,
Tochigi,Japan,20-07-2020 19:35,36.689912,139.819213,136,0,90,46,,7.032094271,,,0,39239,JPN,,
Tokushima,Japan,20-07-2020 19:35,33.919178,134.242091,10,1,4,5,,1.373669773,,,10,39240,JPN,,
Tokyo,Japan,20-07-2020 19:35,35.711343,139.446921,9589,327,7057,2205,,68.88321339,,,3.410157472,39241,JPN,,
Tolima,Colombia,20-07-2020 19:35,4.0925,-75.1545,1782,32,902,848,,133.9661266,,,1.795735129,17030,COL,,
Tomsk Oblast,Russia,20-07-2020 19:35,58.6124279,82.0475315,3493,26,1968,1499,,323.9418333,,,0.744345835,64370,RUS,,
Toscana,Italy,20-07-2020 19:35,43.76923077,11.25588885,10375,1130,8921,324,,278.1769076,,,10.89156627,38009,ITA,,
Tottori,Japan,20-07-2020 19:35,35.359069,133.863619,5,0,3,2,,0.89999604,,,0,39242,JPN,,
Toyama,Japan,20-07-2020 19:35,36.637464,137.269346,231,22,206,3,,22.13699638,,,9.523809524,39243,JPN,,
Tripura,India,20-07-2020 19:35,23.746783,91.743565,2878,5,1759,1114,,69.0201962,,,0.173731758,35632,IND,,
Tula Oblast,Russia,20-07-2020 19:35,53.9570701,37.3690909,7933,186,6477,1270,,531.7540914,,,2.344636329,64371,RUS,,
Tumbes,Peru,20-07-2020 19:35,-3.857496,-80.545255,3537,132,,3405,,1406.361829,,,3.731976251,60424,PER,,
Turks and Caicos Islands,United Kingdom,20-07-2020 19:35,21.694,-71.7979,81,2,22,57,,209.2050209,,,2.469135802,796,TCA,,
Tver Oblast,Russia,20-07-2020 19:35,57.1134475,35.1744428,4288,118,3736,434,,333.9894211,,,2.751865672,64372,RUS,,
Tyumen Oblast,Russia,20-07-2020 19:35,58.8206488,70.3658837,4779,22,3053,1704,,129.4280143,,,0.460347353,64373,RUS,,
Tyva Republic,Russia,20-07-2020 19:35,51.4017149,93.8582593,5732,45,2904,2783,,1781.662429,,,0.785066294,64374,RUS,,
Ucayali,Peru,20-07-2020 19:35,-9.621718,-73.444929,9157,177,,8980,,1554.405025,,,1.932947472,60425,PER,,
Udmurt Republic,Russia,20-07-2020 19:35,57.1961165,52.6959832,2079,19,1456,604,,137.405125,,,0.913900914,64375,RUS,,
Ulyanovsk Oblast,Russia,20-07-2020 19:35,54.1463177,47.2324921,7927,59,4981,2887,,635.8804381,,,0.744291661,64376,RUS,,
Umbria,Italy,20-07-2020 19:35,43.10675841,12.38824698,1456,80,1364,12,,165.0765577,,,5.494505495,38010,ITA,,
Unknown,Chile,20-07-2020 19:35,,,78,1,71,6,,,,,1.282051282,15217,CHL,,
Unknown,Germany,20-07-2020 19:35,,,1249,0,,1249,,,,,0,27617,DEU,,
Unknown,Japan,20-07-2020 19:35,,,8,0,8,0,,,,,0,39249,JPN,,
Unknown,Netherlands,20-07-2020 19:35,,,674,18,,656,,,,,2.670623145,52813,NLD,,
Unknown,Peru,20-07-2020 19:35,,,15839,770,241955,-226886,,,,,4.861418019,60426,PER,,
Unknown,Spain,20-07-2020 19:35,,,0,0,,0,,,,,,72420,ESP,,
Unknown,United Kingdom,20-07-2020 19:35,,,0,0,,0,,,,,,82605,GBR,,
Uppsala,Sweden,20-07-2020 19:35,60.0092,17.2715,3511,239,,3272,,915.0067889,,,6.807177442,75216,SWE,,
Utrecht,Netherlands,20-07-2020 19:35,52.084251,5.163824,4162,429,,3733,,307.196306,,,10.30754445,52810,NLD,,
Uttar Pradesh,India,20-07-2020 19:35,26.925425,80.560982,49247,1146,29845,18256,,20.70221787,,,2.327045302,35633,IND,,
Uttarakhand,India,20-07-2020 19:35,30.156447,79.197608,4515,52,3116,1347,,40.13027273,,,1.151716501,35634,IND,,
Valle d'Aosta,Italy,20-07-2020 19:35,45.73750286,7.320149366,1196,146,1049,1,,951.7291869,,,12.20735786,38002,ITA,,
Valle del Cauca,Colombia,20-07-2020 19:35,3.8009,-76.6413,17457,668,8923,7866,,390.0233384,,,3.826545225,17031,COL,,
Valparaiso,Chile,20-07-2020 19:35,-33.0472,-71.6127,15589,414,13673,1502,,858.4714373,,,2.655718776,15216,CHL,,
Varmland,Sweden,20-07-2020 19:35,59.7294,13.2354,1009,72,,937,,357.2769055,,,7.135777998,75217,SWE,,
Vasterbotten,Sweden,20-07-2020 19:35,65.3337,16.5162,883,31,,852,,324.9477434,,,3.510758777,75218,SWE,,
Vasternorrland,Sweden,20-07-2020 19:35,63.4276,17.7292,1693,125,,1568,,690.0430818,,,7.383343178,75219,SWE,,
Vastmanland,Sweden,20-07-2020 19:35,59.6714,16.2159,2569,177,,2392,,931.3201254,,,6.889840405,75220,SWE,,
Vastra Gotaland,Sweden,20-07-2020 19:35,58.2528,13.0596,17484,809,,16675,,1013.047829,,,4.627087623,75221,SWE,,
Vaupes,Colombia,20-07-2020 19:35,0.8554,-70.812,61,1,28,32,,149.5207981,,,1.639344262,17032,COL,,
Veneto,Italy,20-07-2020 19:35,45.43490485,12.33845213,19649,2050,16990,609,,400.5214994,,,10.43310092,38005,ITA,,
Veracruz,Mexico,20-07-2020 19:35,19.1738,-96.1342,17172,2188,12084,2900,,201.0805327,,,12.74167249,48430,MEX,,
Vichada,Colombia,20-07-2020 19:35,4.4234,-69.2878,2,0,1,1,,1.855149896,,,0,17033,COL,,
Victoria,Australia,20-07-2020 19:35,-37.8136,144.9631,5942,39,2933,2970,,89.62427789,,,0.656344665,3607,AUS,,
Vinnytsia Oblast,Ukraine,20-07-2020 19:35,49.2331,28.4682,2317,40,1736,541,,148.4881383,,,1.726370306,80423,UKR,,
Vladimir Oblast,Russia,20-07-2020 19:35,56.0503336,40.6561633,5261,109,4544,608,,381.6918504,,,2.071849458,64377,RUS,,
Volgograd Oblast,Russia,20-07-2020 19:35,49.6048339,44.2903582,8149,53,4623,3473,,323.2093591,,,0.65038655,64378,RUS,,
Vologda Oblast,Russia,20-07-2020 19:35,60.0391461,43.1215213,2114,19,1629,466,,179.6566467,,,0.898770104,64379,RUS,,
Volyn Oblast,Ukraine,20-07-2020 19:35,50.7472,25.3254,3281,75,2143,1063,,316.9037891,,,2.285888449,80424,UKR,,
Voronezh Oblast,Russia,20-07-2020 19:35,50.9800393,40.1506507,10168,77,7609,2482,,435.6902657,,,0.757277734,64380,RUS,,
Wakayama,Japan,20-07-2020 19:35,33.911879,135.505446,93,3,73,17,,10.05478235,,,3.225806452,39244,JPN,,
Wales,United Kingdom,20-07-2020 19:35,52.1307,-3.7837,16943,1547,,15396,,539.8266743,,,9.130614413,82604,GBR,,
West Bengal,India,20-07-2020 19:35,23.814082,87.979803,42487,1112,24883,16492,,42.65364652,,,2.617271165,35635,IND,,
Western Australia,Australia,20-07-2020 19:35,-31.9505,115.8605,651,9,622,20,,24.74720596,,,1.382488479,3608,AUS,,
Xinjiang,China,20-07-2020 19:35,41.1129,85.2401,77,3,73,1,,0.309609972,,,3.896103896,15629,CHN,,
Yamagata,Japan,20-07-2020 19:35,38.448396,140.102154,75,1,71,3,,6.959484664,,,1.333333333,39245,JPN,,
Yamaguchi,Japan,20-07-2020 19:35,34.20119,131.573293,42,0,37,5,,3.09201847,,,0,39246,JPN,,
Yamalo-Nenets Autonomous Okrug,Russia,20-07-2020 19:35,67.1471631,74.3415488,9478,60,4376,5042,,1759.920675,,,0.633044946,64381,RUS,,
Yamanashi,Japan,20-07-2020 19:35,35.612364,138.611489,79,1,74,4,,9.741588939,,,1.265822785,39247,JPN,,
Yaroslavl Oblast,Russia,20-07-2020 19:35,57.7781976,39.0021095,5598,22,4826,750,,442.2904927,,,0.392997499,64382,RUS,,
Yucatan,Mexico,20-07-2020 19:35,20.7099,-89.0943,7302,707,5182,1413,,323.2263496,,,9.682278828,48431,MEX,,
Yukon,Canada,20-07-2020 19:35,64.2823,-135,13,0,11,2,,31.64711038,,,0,12412,CAN,,
Yunnan,China,20-07-2020 19:35,24.974,101.487,188,2,183,3,,0.389233954,,,1.063829787,15630,CHN,,
Zabaykalsky Krai,Russia,20-07-2020 19:35,52.248521,115.956325,3927,47,3155,725,,366.0494069,,,1.196842373,64383,RUS,,
Zacatecas,Mexico,20-07-2020 19:35,22.7709,-102.5832,1873,164,1185,524,,112.39623,,,8.756006407,48432,MEX,,
Zakarpattia Oblast,Ukraine,20-07-2020 19:35,48.6208,22.2879,4440,155,1554,2731,,353.2776046,,,3.490990991,80425,UKR,,
Zaporizhia Oblast,Ukraine,20-07-2020 19:35,47.8388,35.1396,678,20,551,107,,39.74590758,,,2.949852507,80426,UKR,,
Zeeland,Netherlands,20-07-2020 19:35,51.47936,3.861559,791,69,,722,,206.2646028,,,8.723135272,52811,NLD,,
Zhejiang,China,20-07-2020 19:35,29.1832,120.0934,1270,1,1267,2,,2.21370054,,,0.078740157,15631,CHN,,
Zhytomyr Oblast,Ukraine,20-07-2020 19:35,50.2547,28.6587,1602,34,1251,317,,131.2907057,,,2.122347066,80427,UKR,,
Zuid-Holland,Netherlands,20-07-2020 19:35,51.937835,4.462114,11886,1305,,10581,,320.4900051,,,10.97930338,52812,NLD,,
Unknown,India,20-07-2020 19:35,,,163,0,,163,,,,,0,35636,IND,,
Unknown,Colombia,20-07-2020 19:35,,,0,0,,0,,,,,,17034,COL,,
Diamond Princess,Canada,20-07-2020 19:35,,,0,1,,-1,,,,,,12413,CAN,,
Grand Princess,Canada,20-07-2020 19:35,,,13,0,13,0,,,,,0,12414,CAN,,
